geoid,name,C17002001,"C17002001, Error",C17002002,"C17002002, Error",C17002003,"C17002003, Error",C17002004,"C17002004, Error",C17002005,"C17002005, Error",C17002006,"C17002006, Error",C17002007,"C17002007, Error",C17002008,"C17002008, Error"
04000US34,New Jersey,8706202,1331,389147,8314,479934,10298,286757,6464,267883,7895,401793,7632,165535,4450,6715153,18921
06000US3400100100,"Absecon city, Atlantic County, NJ",8207,88,217,122,419,238,365,219,212,119,525,307,488,317,5981,538
06000US3400102080,"Atlantic City city, Atlantic County, NJ",37754,156,6212,839,7787,988,3310,748,2151,489,3156,706,979,408,14159,1061
06000US3400107810,"Brigantine city, Atlantic County, NJ",8783,50,290,122,365,189,171,92,311,162,424,190,138,71,7084,345
06000US3400108680,"Buena borough, Atlantic County, NJ",4338,52,79,74,368,250,256,157,420,248,312,195,108,94,2795,359
06000US3400108710,"Buena Vista township, Atlantic County, NJ",7280,34,273,238,300,226,180,137,429,309,577,392,154,115,5367,604
06000US3400115160,"Corbin City city, Atlantic County, NJ",536,90,14,13,13,9,21,15,9,10,24,19,26,25,429,83
06000US3400120290,"Egg Harbor township, Atlantic County, NJ",42539,196,1083,304,2185,665,853,339,1151,395,3017,896,990,384,33260,1044
06000US3400120350,"Egg Harbor City city, Atlantic County, NJ",3871,220,191,95,575,250,414,221,153,124,371,212,127,100,2040,319
06000US3400121870,"Estell Manor city, Atlantic County, NJ",1723,186,61,49,4,6,31,31,38,25,181,132,18,34,1390,178
06000US3400123940,"Folsom borough, Atlantic County, NJ",1697,151,32,24,129,93,2,4,56,53,94,49,34,35,1350,128
06000US3400125560,"Galloway township, Atlantic County, NJ",33135,400,775,334,1174,382,1420,650,928,350,1395,554,602,310,26841,924
06000US3400129280,"Hamilton township, Atlantic County, NJ",25226,156,994,521,987,368,1177,605,1050,617,1406,547,537,334,19075,1112
06000US3400129430,"Hammonton town, Atlantic County, NJ",13757,200,531,208,866,374,324,188,486,234,477,204,298,227,10775,529
06000US3400140530,"Linwood city, Atlantic County, NJ",6598,79,208,135,16,14,37,26,227,141,123,85,56,35,5931,211
06000US3400141370,"Longport borough, Atlantic County, NJ",869,140,23,14,9,11,17,14,7,6,10,9,7,8,796,141
06000US3400143890,"Margate City city, Atlantic County, NJ",5997,20,74,37,219,102,80,75,91,57,274,117,86,48,5173,205
06000US3400149410,"Mullica township, Atlantic County, NJ",5899,21,289,251,124,149,144,105,256,209,311,366,0,17,4775,487
06000US3400152950,"Northfield city, Atlantic County, NJ",7980,76,121,85,357,265,299,278,149,110,153,99,532,474,6369,461
06000US3400159640,"Pleasantville city, Atlantic County, NJ",19967,125,1418,427,3207,710,1662,579,865,342,2145,690,958,398,9712,1040
06000US3400160600,"Port Republic city, Atlantic County, NJ",1121,186,17,16,4,6,8,13,13,19,31,37,16,17,1032,196
06000US3400168430,"Somers Point city, Atlantic County, NJ",10295,53,764,281,465,198,704,316,458,231,408,171,377,249,7119,602
06000US3400175620,"Ventnor City city, Atlantic County, NJ",10014,85,460,220,818,384,397,197,514,262,415,179,203,128,7207,539
06000US3400180330,"Weymouth township, Atlantic County, NJ",2755,34,74,67,100,56,84,56,61,90,32,30,20,24,2384,147
06000US3400300700,"Allendale borough, Bergen County, NJ",6667,112,19,23,88,108,34,56,115,85,61,96,12,21,6338,202
06000US3400301090,"Alpine borough, Bergen County, NJ",1547,151,54,52,57,38,0,12,53,48,22,18,0,12,1361,176
06000US3400305170,"Bergenfield borough, Bergen County, NJ",27373,47,461,198,1377,441,539,203,733,313,589,241,437,231,23237,651
06000US3400306490,"Bogota borough, Bergen County, NJ",8351,29,159,146,302,207,254,251,218,268,378,255,199,310,6841,517
06000US3400310480,"Carlstadt borough, Bergen County, NJ",6178,23,300,286,46,49,240,192,123,96,282,200,56,68,5131,410
06000US3400313570,"Cliffside Park borough, Bergen County, NJ",25092,45,1108,405,1355,455,1432,564,924,383,1412,643,238,205,18623,996
06000US3400313810,"Closter borough, Bergen County, NJ",8511,43,89,84,127,94,61,64,364,196,102,104,27,30,7741,275
06000US3400315820,"Cresskill borough, Bergen County, NJ",8629,61,213,184,57,61,580,626,98,94,28,32,55,65,7598,649
06000US3400317530,"Demarest borough, Bergen County, NJ",4942,30,77,76,86,66,160,157,19,19,23,36,0,12,4577,197
06000US3400318400,"Dumont borough, Bergen County, NJ",17615,34,155,93,684,420,147,125,266,207,679,323,88,91,15596,564
06000US3400319510,"East Rutherford borough, Bergen County, NJ",9566,45,274,169,712,457,302,199,417,282,223,117,390,320,7248,506
06000US3400320020,"Edgewater borough, Bergen County, NJ",12398,35,599,286,258,154,224,236,154,120,301,163,20,33,10842,421
06000US3400321300,"Elmwood Park borough, Bergen County, NJ",20026,50,836,458,773,265,719,304,297,136,892,311,539,318,15970,776
06000US3400321450,"Emerson borough, Bergen County, NJ",7384,115,107,76,101,98,53,79,101,128,97,105,43,67,6882,256
06000US3400321480,"Englewood city, Bergen County, NJ",28157,120,1357,636,1907,678,885,431,524,287,835,452,527,413,22122,1209
06000US3400321510,"Englewood Cliffs borough, Bergen County, NJ",5371,44,83,60,30,33,134,134,55,77,156,100,112,162,4801,264
06000US3400322470,"Fair Lawn borough, Bergen County, NJ",32868,101,447,188,920,382,320,160,305,201,1078,627,544,371,29254,893
06000US3400322560,"Fairview borough, Bergen County, NJ",14257,52,747,553,864,359,825,456,280,181,1049,531,438,407,10054,977
06000US3400324420,"Fort Lee borough, Bergen County, NJ",37430,50,1566,396,2013,405,1085,387,1142,358,1385,384,312,159,29927,704
06000US3400324990,"Franklin Lakes borough, Bergen County, NJ",10946,38,62,44,12,21,146,209,1,2,204,228,11,17,10510,300
06000US3400325770,"Garfield city, Bergen County, NJ",31542,121,2250,518,2805,680,1200,329,1292,522,2020,550,1142,423,20833,1033
06000US3400326640,"Glen Rock borough, Bergen County, NJ",11780,27,283,170,59,57,37,34,73,54,84,51,98,82,11146,213
06000US3400328680,"Hackensack city, Bergen County, NJ",43371,246,2830,662,2975,607,1420,492,1872,744,1956,654,1333,465,30985,1218
06000US3400330150,"Harrington Park borough, Bergen County, NJ",4753,19,131,110,279,233,39,46,20,26,95,108,15,24,4174,264
06000US3400330420,"Hasbrouck Heights borough, Bergen County, NJ",12043,79,721,384,172,129,196,166,233,155,879,556,34,39,9808,688
06000US3400330540,"Haworth borough, Bergen County, NJ",3418,25,24,24,14,18,0,12,173,132,1,3,52,55,3154,145
06000US3400331920,"Hillsdale borough, Bergen County, NJ",10288,60,236,130,243,100,87,83,133,91,172,163,192,183,9225,368
06000US3400332310,"Ho-Ho-Kus borough, Bergen County, NJ",4094,24,2,4,0,12,2,3,0,12,32,49,36,35,4022,63
06000US3400340020,"Leonia borough, Bergen County, NJ",9052,52,243,125,250,178,43,52,355,204,494,295,81,91,7586,453
06000US3400340680,"Little Ferry borough, Bergen County, NJ",10782,42,414,229,699,366,398,235,653,399,904,370,132,145,7582,650
06000US3400341100,"Lodi borough, Bergen County, NJ",24100,269,1176,425,1327,363,833,411,1147,467,1466,464,604,249,17547,873
06000US3400342090,"Lyndhurst township, Bergen County, NJ",22281,62,748,368,1083,489,356,278,689,416,1162,543,395,242,17848,817
06000US3400342750,"Mahwah township, Bergen County, NJ",24029,282,615,371,567,258,328,199,546,333,943,387,130,82,20900,754
06000US3400344880,"Maywood borough, Bergen County, NJ",9641,48,101,62,426,222,238,166,412,303,276,132,115,70,8073,434
06000US3400346110,"Midland Park borough, Bergen County, NJ",7228,38,48,45,29,32,31,49,95,80,199,172,287,267,6539,324
06000US3400347610,"Montvale borough, Bergen County, NJ",8489,20,198,169,167,144,51,67,10,17,30,30,199,169,7834,296
06000US3400347700,"Moonachie borough, Bergen County, NJ",2716,20,92,59,116,97,137,128,196,177,197,139,55,65,1923,236
06000US3400351660,"New Milford borough, Bergen County, NJ",16337,144,365,232,772,461,197,115,314,228,621,551,151,90,13917,732
06000US3400352320,"North Arlington borough, Bergen County, NJ",15677,62,427,275,929,488,432,285,486,280,662,248,208,175,12533,582
06000US3400353430,"Northvale borough, Bergen County, NJ",4862,43,203,194,79,88,57,51,81,107,141,157,83,71,4218,293
06000US3400353610,"Norwood borough, Bergen County, NJ",5632,136,126,65,137,130,93,83,40,31,148,100,131,129,4957,256
06000US3400353850,"Oakland borough, Bergen County, NJ",12747,107,86,51,241,139,65,59,199,148,341,214,175,176,11640,359
06000US3400354870,"Old Tappan borough, Bergen County, NJ",5888,52,235,160,19,29,28,34,75,97,27,27,27,43,5477,202
06000US3400354990,"Oradell borough, Bergen County, NJ",7989,139,98,79,65,43,147,141,75,90,54,57,214,147,7336,254
06000US3400355770,"Palisades Park borough, Bergen County, NJ",20564,77,1116,425,1371,465,947,342,740,317,1225,348,829,347,14336,783
06000US3400355950,"Paramus borough, Bergen County, NJ",24909,242,326,174,425,197,407,187,359,199,450,220,112,82,22830,463
06000US3400356130,"Park Ridge borough, Bergen County, NJ",8502,78,146,108,47,50,63,58,357,318,135,93,42,31,7712,307
06000US3400361680,"Ramsey borough, Bergen County, NJ",14940,21,237,182,66,63,322,441,161,159,193,84,179,138,13782,526
06000US3400362910,"Ridgefield borough, Bergen County, NJ",11211,29,360,192,611,457,424,232,976,496,255,176,443,346,8142,702
06000US3400362940,"Ridgefield Park village, Bergen County, NJ",12922,25,333,131,531,297,439,203,270,175,655,279,131,97,10563,461
06000US3400363000,"Ridgewood village, Bergen County, NJ",24985,114,451,219,427,166,254,188,162,114,404,204,123,85,23164,394
06000US3400363360,"River Edge borough, Bergen County, NJ",11500,33,195,89,313,199,32,42,133,132,74,69,100,91,10653,291
06000US3400363690,"River Vale township, Bergen County, NJ",9939,79,76,56,164,148,56,46,40,46,145,114,28,25,9430,227
06000US3400363990,"Rochelle Park township, Bergen County, NJ",5413,95,114,170,295,194,170,146,119,132,98,98,58,69,4559,339
06000US3400364170,"Rockleigh borough, Bergen County, NJ",273,76,7,7,17,13,6,11,2,4,0,12,0,12,241,72
06000US3400365280,"Rutherford borough, Bergen County, NJ",18156,112,433,226,461,216,262,154,629,385,429,161,184,125,15758,520
06000US3400365340,"Saddle Brook township, Bergen County, NJ",13845,40,281,178,254,151,119,93,728,415,398,257,181,170,11884,537
06000US3400365400,"Saddle River borough, Bergen County, NJ",3183,25,36,45,13,21,38,41,25,31,25,29,26,39,3020,89
06000US3400368970,"South Hackensack township, Bergen County, NJ",2625,171,82,61,181,128,72,62,257,198,58,62,31,31,1944,280
06000US3400372360,"Teaneck township, Bergen County, NJ",39338,223,1086,422,1289,531,385,200,926,512,1266,450,701,424,33685,865
06000US3400372420,"Tenafly borough, Bergen County, NJ",14570,55,168,118,244,170,86,78,451,413,217,189,140,198,13264,488
06000US3400372480,"Teterboro borough, Bergen County, NJ",102,54,4,7,22,39,0,12,0,12,4,7,1,2,71,42
06000US3400375140,"Upper Saddle River borough, Bergen County, NJ",8212,43,57,73,90,99,31,35,107,128,128,167,62,77,7737,240
06000US3400376400,"Waldwick borough, Bergen County, NJ",9986,27,154,104,354,277,60,51,183,158,133,87,47,47,9055,334
06000US3400376490,"Wallington borough, Bergen County, NJ",11503,47,482,189,554,234,259,142,430,248,620,200,166,96,8992,480
06000US3400377135,"Washington township, Bergen County, NJ",9228,29,67,34,68,68,80,58,80,75,35,26,77,74,8821,159
06000US3400380270,"Westwood borough, Bergen County, NJ",11064,41,160,127,507,268,68,72,229,238,178,104,39,45,9883,399
06000US3400382300,"Woodcliff Lake borough, Bergen County, NJ",5743,32,145,82,67,83,12,21,42,51,12,19,36,56,5429,141
06000US3400382570,"Wood-Ridge borough, Bergen County, NJ",8769,53,269,177,154,213,169,155,89,111,330,187,48,56,7710,408
06000US3400383050,"Wyckoff township, Bergen County, NJ",16517,158,189,115,119,47,72,58,134,108,209,115,130,83,15664,293
06000US3400503370,"Bass River township, Burlington County, NJ",1319,189,46,36,196,134,27,40,11,17,63,47,9,9,967,176
06000US3400505740,"Beverly city, Burlington County, NJ",2267,247,222,123,144,96,193,115,23,21,175,133,94,80,1416,243
06000US3400506670,"Bordentown city, Burlington County, NJ",3732,77,141,72,51,36,72,72,66,60,360,197,0,12,3042,224
06000US3400506700,"Bordentown township, Burlington County, NJ",11630,108,250,215,444,235,61,53,80,77,716,446,98,92,9981,594
06000US3400508920,"Burlington city, Burlington County, NJ",9758,76,670,303,624,249,331,255,688,314,548,228,215,135,6682,508
06000US3400508950,"Burlington township, Burlington County, NJ",21960,166,586,294,648,453,167,95,688,300,715,305,311,323,18845,755
06000US3400512670,"Chesterfield township, Burlington County, NJ",5706,393,88,63,17,27,45,52,2,12,181,174,7,11,5366,469
06000US3400512940,"Cinnaminson township, Burlington County, NJ",16254,88,215,84,330,140,223,162,322,154,444,256,255,114,14465,375
06000US3400517080,"Delanco township, Burlington County, NJ",4449,57,241,158,46,37,131,101,81,63,182,120,55,58,3713,216
06000US3400517440,"Delran township, Burlington County, NJ",16481,82,617,337,307,149,318,275,690,359,597,258,97,73,13855,525
06000US3400518790,"Eastampton township, Burlington County, NJ",5882,167,311,243,33,36,179,267,66,68,85,70,16,19,5192,434
06000US3400520050,"Edgewater Park township, Burlington County, NJ",8614,84,289,159,462,259,323,222,510,365,808,683,75,74,6147,489
06000US3400522110,"Evesham township, Burlington County, NJ",44861,138,727,223,824,267,596,255,742,250,968,264,672,235,40332,548
06000US3400523250,"Fieldsboro borough, Burlington County, NJ",750,182,25,24,0,12,36,34,16,19,35,33,0,12,638,174
06000US3400523850,"Florence township, Burlington County, NJ",12488,71,362,185,363,220,426,222,320,205,534,224,407,293,10076,409
06000US3400529010,"Hainesport township, Burlington County, NJ",5961,61,120,84,235,238,129,143,42,67,83,101,53,90,5299,358
06000US3400542060,"Lumberton township, Burlington County, NJ",12056,113,506,296,365,267,155,114,388,181,311,145,286,165,10045,441
06000US3400543290,"Mansfield township, Burlington County, NJ",8533,32,43,36,152,121,69,48,62,45,39,26,84,104,8084,180
06000US3400543740,"Maple Shade township, Burlington County, NJ",18337,69,767,412,909,385,794,360,391,146,946,223,471,161,14059,718
06000US3400545120,"Medford township, Burlington County, NJ",23091,121,268,114,319,175,403,241,165,75,300,163,186,78,21450,363
06000US3400545210,"Medford Lakes borough, Burlington County, NJ",3984,32,34,29,29,36,0,12,55,65,42,45,49,36,3775,95
06000US3400547880,"Moorestown township, Burlington County, NJ",19996,154,147,90,475,205,120,79,88,74,258,170,132,132,18776,342
06000US3400548900,"Mount Holly township, Burlington County, NJ",8873,301,515,244,582,267,569,270,158,114,475,196,98,114,6476,569
06000US3400549020,"Mount Laurel township, Burlington County, NJ",41201,104,961,318,784,321,649,288,951,282,1020,307,441,254,36395,755
06000US3400551510,"New Hanover township, Burlington County, NJ",2096,1978,112,125,89,136,37,47,7,12,72,92,14,25,1765,1646
06000US3400553070,"North Hanover township, Burlington County, NJ",7524,35,26,31,310,243,386,234,392,193,468,188,293,218,5649,437
06000US3400555800,"Palmyra borough, Burlington County, NJ",7173,37,336,139,412,202,117,81,390,242,684,326,173,119,5061,377
06000US3400557480,"Pemberton borough, Burlington County, NJ",1499,164,123,125,87,78,136,116,58,35,54,39,33,28,1008,107
06000US3400557510,"Pemberton township, Burlington County, NJ",26868,179,1517,490,1415,439,730,303,1537,584,1497,507,1091,419,19081,952
06000US3400563510,"Riverside township, Burlington County, NJ",7847,27,558,260,333,158,349,223,248,130,496,197,363,290,5500,396
06000US3400563660,"Riverton borough, Burlington County, NJ",2614,114,50,44,107,76,26,20,5,8,10,10,10,12,2406,135
06000US3400566810,"Shamong township, Burlington County, NJ",6358,63,61,97,219,246,130,138,0,17,81,54,238,210,5629,318
06000US3400568610,"Southampton township, Burlington County, NJ",10120,55,239,112,382,172,232,203,296,296,643,294,120,81,8208,512
06000US3400569990,"Springfield township, Burlington County, NJ",3259,45,177,158,55,44,20,24,49,41,83,54,39,38,2836,183
06000US3400572060,"Tabernacle township, Burlington County, NJ",6851,40,77,64,143,112,101,103,101,117,135,114,18,28,6276,273
06000US3400577150,"Washington township, Burlington County, NJ",735,105,24,18,6,7,55,56,20,16,31,16,2,4,597,102
06000US3400578200,"Westampton township, Burlington County, NJ",8672,32,81,86,98,94,70,62,48,66,364,261,0,17,8011,301
06000US3400581440,"Willingboro township, Burlington County, NJ",31581,93,1954,705,937,361,1048,467,1097,370,1313,372,1054,369,24178,1119
06000US3400582420,"Woodland township, Burlington County, NJ",1658,308,101,63,106,124,140,109,69,77,33,24,0,12,1209,174
06000US3400582960,"Wrightstown borough, Burlington County, NJ",701,173,18,17,28,21,57,40,42,57,147,97,30,26,379,114
06000US3400702200,"Audubon borough, Camden County, NJ",8607,45,110,49,203,87,358,173,52,29,202,156,237,166,7445,263
06000US3400702230,"Audubon Park borough, Camden County, NJ",854,125,29,24,53,34,68,35,12,13,49,28,28,34,615,103
06000US3400703250,"Barrington borough, Camden County, NJ",6716,25,182,102,228,133,327,265,110,111,252,189,47,44,5570,371
06000US3400704750,"Bellmawr borough, Camden County, NJ",11391,35,523,295,1204,450,245,125,249,141,902,340,289,176,7979,499
06000US3400705440,"Berlin borough, Camden County, NJ",7360,64,241,124,14,23,156,83,498,577,290,188,36,40,6125,596
06000US3400705470,"Berlin township, Camden County, NJ",5553,17,150,115,472,243,106,127,57,67,360,281,314,280,4094,510
06000US3400708170,"Brooklawn borough, Camden County, NJ",1984,166,138,94,90,50,61,60,188,115,114,57,43,33,1350,123
06000US3400710000,"Camden city, Camden County, NJ",71761,315,12081,1215,14026,1875,5855,969,5158,1089,7021,1157,2242,914,25378,2277
06000US3400712280,"Cherry Hill township, Camden County, NJ",69930,216,1558,430,2256,494,1523,497,989,318,1510,398,923,444,61171,879
06000US3400712550,"Chesilhurst borough, Camden County, NJ",1489,121,102,57,187,101,76,63,52,52,48,35,71,64,953,119
06000US3400713420,"Clementon borough, Camden County, NJ",4908,31,253,250,521,331,52,47,229,268,470,231,492,302,2891,500
06000US3400714260,"Collingswood borough, Camden County, NJ",13764,131,439,232,558,271,556,274,225,124,480,200,111,125,11395,443
06000US3400726070,"Gibbsboro borough, Camden County, NJ",2168,149,48,25,26,17,116,125,48,29,126,116,37,36,1767,154
06000US3400726760,"Gloucester township, Camden County, NJ",63150,245,2209,571,1804,545,1554,501,2084,594,3243,1039,1436,394,50820,1423
06000US3400726820,"Gloucester City city, Camden County, NJ",11228,45,554,239,644,387,893,420,300,166,1099,503,450,367,7288,845
06000US3400728740,"Haddon township, Camden County, NJ",14505,68,237,94,373,189,269,239,193,125,644,257,92,67,12697,467
06000US3400728770,"Haddonfield borough, Camden County, NJ",11323,30,49,27,124,96,69,76,43,39,106,71,88,57,10844,154
06000US3400728800,"Haddon Heights borough, Camden County, NJ",7504,27,90,51,282,149,84,43,145,70,137,73,106,82,6660,181
06000US3400732220,"Hi-Nella borough, Camden County, NJ",988,157,21,14,108,80,66,60,105,53,20,19,27,23,641,105
06000US3400739210,"Laurel Springs borough, Camden County, NJ",1959,114,53,29,34,27,30,29,29,28,37,22,21,17,1755,119
06000US3400739420,"Lawnside borough, Camden County, NJ",2876,40,169,92,230,108,99,77,110,71,36,38,79,66,2153,179
06000US3400740440,"Lindenwold borough, Camden County, NJ",17288,47,1354,458,1099,599,1292,553,844,308,1206,427,1166,558,10327,887
06000US3400742630,"Magnolia borough, Camden County, NJ",4248,46,105,51,245,97,280,159,109,89,171,143,146,154,3192,320
06000US3400745510,"Merchantville borough, Camden County, NJ",3719,38,87,64,38,32,33,51,170,101,346,280,21,18,3024,305
06000US3400748750,"Mount Ephraim borough, Camden County, NJ",4513,87,314,179,103,79,111,74,203,114,106,59,221,217,3455,295
06000US3400753880,"Oaklyn borough, Camden County, NJ",3926,40,113,62,122,80,27,21,180,89,340,148,68,45,3076,199
06000US3400757660,"Pennsauken township, Camden County, NJ",35436,120,1989,586,3139,864,796,239,2286,646,2191,535,749,353,24286,1247
06000US3400758770,"Pine Hill borough, Camden County, NJ",10420,36,368,161,748,249,457,181,351,162,667,290,202,179,7627,434
06000US3400758920,"Pine Valley borough, Camden County, NJ",5,5,0,12,0,12,0,12,0,12,0,12,0,12,5,5
06000US3400765160,"Runnemede borough, Camden County, NJ",8284,63,381,155,304,155,661,309,246,140,366,172,269,292,6057,438
06000US3400768340,"Somerdale borough, Camden County, NJ",5433,34,340,150,212,182,84,58,178,122,124,83,133,128,4362,270
06000US3400771220,"Stratford borough, Camden County, NJ",6860,91,239,118,388,171,69,53,81,74,136,101,192,119,5755,244
06000US3400772240,"Tavistock borough, Camden County, NJ",2,4,0,12,0,12,0,12,0,12,0,12,0,12,2,4
06000US3400776220,"Voorhees township, Camden County, NJ",28229,185,938,323,1252,425,279,156,242,148,720,298,421,213,24377,624
06000US3400777630,"Waterford township, Camden County, NJ",10675,33,310,194,262,172,216,144,137,123,191,106,108,92,9451,349
06000US3400781740,"Winslow township, Camden County, NJ",38030,205,1280,360,2165,530,885,546,1660,722,2558,790,455,291,29027,1364
06000US3400782450,"Woodlynne borough, Camden County, NJ",2899,29,345,182,274,157,124,116,305,178,197,131,143,114,1511,251
06000US3400902320,"Avalon borough, Cape May County, NJ",1405,132,46,25,30,16,11,8,9,8,36,16,12,12,1261,127
06000US3400910270,"Cape May city, Cape May County, NJ",2830,210,104,59,73,67,193,219,75,79,204,162,220,208,1961,352
06000US3400910330,"Cape May Point borough, Cape May County, NJ",176,61,19,26,21,24,3,4,3,4,14,22,2,3,114,35
06000US3400917560,"Dennis township, Cape May County, NJ",5999,139,180,148,514,372,203,197,348,222,317,190,112,130,4325,423
06000US3400941610,"Lower township, Cape May County, NJ",21446,145,1088,454,1163,426,692,202,916,394,957,432,463,241,16167,715
06000US3400945810,"Middle township, Cape May County, NJ",17514,280,541,187,1466,870,1239,625,667,354,693,348,604,345,12304,1154
06000US3400953490,"North Wildwood city, Cape May County, NJ",3812,22,147,132,241,230,215,183,118,99,405,303,14,21,2672,343
06000US3400954360,"Ocean City city, Cape May County, NJ",10927,163,341,139,344,147,236,106,253,188,260,104,250,128,9243,319
06000US3400966390,"Sea Isle City city, Cape May County, NJ",2147,200,70,39,78,35,143,52,50,37,106,107,37,33,1663,201
06000US3400971010,"Stone Harbor borough, Cape May County, NJ",885,97,42,23,5,5,13,11,14,10,8,7,13,15,790,90
06000US3400974810,"Upper township, Cape May County, NJ",11886,17,401,264,166,92,302,166,91,61,342,154,144,89,10440,365
06000US3400978530,"West Cape May borough, Cape May County, NJ",1093,155,8,9,16,12,75,85,25,20,66,57,15,18,888,135
06000US3400980210,"West Wildwood borough, Cape May County, NJ",382,102,6,36,26,22,8,10,13,9,27,39,24,24,278,64
06000US3400981170,"Wildwood city, Cape May County, NJ",5035,28,385,153,594,199,467,242,343,225,381,206,54,41,2811,331
06000US3400981200,"Wildwood Crest borough, Cape May County, NJ",3096,21,102,49,51,51,36,42,96,96,281,242,12,19,2518,256
06000US3400981890,"Woodbine borough, Cape May County, NJ",2333,239,317,113,293,101,323,157,105,69,229,109,69,31,997,169
06000US3401107600,"Bridgeton city, Cumberland County, NJ",20773,415,2590,575,3889,730,1718,646,1976,499,1323,417,893,415,8384,985
06000US3401114710,"Commercial township, Cumberland County, NJ",4924,90,287,119,480,208,291,180,655,309,466,185,69,71,2676,380
06000US3401116900,"Deerfield township, Cumberland County, NJ",2959,49,212,140,115,69,113,94,69,74,50,28,101,72,2299,206
06000US3401118220,"Downe township, Cumberland County, NJ",1107,189,41,34,72,39,25,20,78,62,74,48,28,23,789,158
06000US3401122350,"Fairfield township, Cumberland County, NJ",5003,434,206,50,444,146,248,83,270,97,315,100,188,64,3332,388
06000US3401128170,"Greenwich township, Cumberland County, NJ",585,106,9,7,13,12,8,6,35,42,17,20,15,13,488,98
06000US3401133120,"Hopewell township, Cumberland County, NJ",4176,138,75,71,214,189,172,133,65,83,232,205,44,51,3374,348
06000US3401139450,"Lawrence township, Cumberland County, NJ",3123,49,332,249,120,105,221,192,71,69,162,74,133,149,2084,287
06000US3401144580,"Maurice River township, Cumberland County, NJ",2353,313,113,80,46,40,47,55,32,23,99,72,48,70,1968,315
06000US3401146680,"Millville city, Cumberland County, NJ",27567,120,2541,772,2017,584,1255,466,1034,441,1716,547,499,342,18505,1068
06000US3401167020,"Shiloh borough, Cumberland County, NJ",399,104,23,25,18,29,13,16,9,10,44,40,34,57,258,77
06000US3401171160,"Stow Creek township, Cumberland County, NJ",1009,195,80,68,53,34,14,15,8,7,63,38,0,12,791,154
06000US3401174870,"Upper Deerfield township, Cumberland County, NJ",7360,31,500,371,574,315,688,397,54,57,596,329,279,266,4669,420
06000US3401176070,"Vineland city, Cumberland County, NJ",58444,424,3893,867,4094,838,4425,1195,2785,905,5090,1009,2259,872,35898,1682
06000US3401304695,"Belleville township, Essex County, NJ",36161,50,1039,312,2871,887,1772,627,1101,447,1641,424,820,398,26917,1067
06000US3401306260,"Bloomfield township, Essex County, NJ",48596,160,1670,376,2031,482,1726,475,1917,563,2270,536,681,307,38301,1186
06000US3401309250,"Caldwell borough, Essex County, NJ",7457,127,417,159,249,155,54,40,204,201,93,59,105,120,6335,314
06000US3401311200,"Cedar Grove township, Essex County, NJ",11697,210,156,99,137,73,65,46,69,59,297,154,92,92,10881,308
06000US3401313045,"City of Orange township, Essex County, NJ",30062,199,2607,704,3820,833,2325,670,1769,707,2088,618,727,317,16726,1345
06000US3401319390,"East Orange city, Essex County, NJ",63056,396,5535,776,5807,850,5113,914,3022,605,5655,1089,1671,548,36253,1724
06000US3401321840,"Essex Fells borough, Essex County, NJ",2110,158,27,19,12,12,6,9,8,9,6,8,3,6,2048,156
06000US3401322385,"Fairfield township, Essex County, NJ",7486,156,27,45,20,31,86,201,0,17,377,341,52,61,6924,450
06000US3401326610,"Glen Ridge borough, Essex County, NJ",7584,29,34,27,342,322,60,97,23,30,29,45,31,51,7065,331
06000US3401334450,"Irvington township, Essex County, NJ",53825,151,4047,884,6191,1248,3730,934,3629,1052,5354,1075,1311,429,29563,1818
06000US3401340890,"Livingston township, Essex County, NJ",29490,165,179,94,577,304,164,86,248,136,430,198,230,162,27662,445
06000US3401343800,"Maplewood township, Essex County, NJ",24720,78,719,321,673,423,413,425,560,602,523,266,159,115,21673,909
06000US3401346380,"Millburn township, Essex County, NJ",20122,49,501,220,309,248,214,217,249,210,276,149,134,108,18439,450
06000US3401347500,"Montclair township, Essex County, NJ",38126,122,1301,316,1125,267,877,355,761,345,888,304,580,285,32594,756
06000US3401351000,"Newark city, Essex County, NJ",269234,879,34604,2357,39206,2709,20780,1976,15982,1712,23942,2184,8178,1330,126542,3418
06000US3401352620,"North Caldwell borough, Essex County, NJ",6615,29,16,24,42,66,13,22,17,25,56,53,141,155,6330,191
06000US3401353680,"Nutley township, Essex County, NJ",28446,61,556,189,762,252,725,263,626,277,1057,461,457,202,24263,725
06000US3401364590,"Roseland borough, Essex County, NJ",5834,35,72,95,120,71,16,25,224,242,93,79,32,37,5277,276
06000US3401369274,"South Orange Village township, Essex County, NJ",14505,262,998,319,431,162,178,116,113,75,323,144,75,49,12387,375
06000US3401375815,"Verona township, Essex County, NJ",13437,69,243,156,109,79,66,65,141,122,546,235,108,76,12224,365
06000US3401378510,"West Caldwell township, Essex County, NJ",10639,103,119,60,102,60,311,207,135,96,116,64,127,111,9729,320
06000US3401379800,"West Orange township, Essex County, NJ",46465,199,1137,399,1629,550,1507,515,895,338,1623,502,413,183,39261,1006
06000US3401513360,"Clayton borough, Gloucester County, NJ",8583,56,464,361,405,343,458,248,77,81,583,276,116,107,6480,564
06000US3401517710,"Deptford township, Gloucester County, NJ",29933,190,682,262,1339,463,748,378,694,267,1364,365,710,371,24396,671
06000US3401519180,"East Greenwich township, Gloucester County, NJ",10392,94,213,113,87,81,157,135,26,42,214,158,17,27,9678,269
06000US3401521060,"Elk township, Gloucester County, NJ",4105,50,70,61,245,173,52,51,304,225,297,248,27,31,3110,351
06000US3401524840,"Franklin township, Gloucester County, NJ",16415,47,656,237,531,244,656,323,458,213,1110,399,201,118,12803,625
06000US3401526340,"Glassboro borough, Gloucester County, NJ",17577,305,2208,597,2079,521,587,258,582,267,538,232,188,99,11395,722
06000US3401528185,"Greenwich township, Gloucester County, NJ",4823,43,210,146,324,173,93,57,116,83,89,82,135,107,3856,281
06000US3401530180,"Harrison township, Gloucester County, NJ",12995,23,155,114,89,61,55,50,122,106,77,80,32,39,12465,201
06000US3401541160,"Logan township, Gloucester County, NJ",5907,40,107,83,122,120,44,74,24,40,112,120,14,23,5484,212
06000US3401543440,"Mantua township, Gloucester County, NJ",14941,33,323,135,401,194,217,138,309,304,513,235,222,178,12956,521
06000US3401547250,"Monroe township, Gloucester County, NJ",36448,207,1282,527,701,290,312,162,1283,642,1661,554,738,288,30471,1012
06000US3401549680,"National Park borough, Gloucester County, NJ",2923,47,133,60,145,64,231,207,72,54,172,112,60,51,2110,219
06000US3401551390,"Newfield borough, Gloucester County, NJ",1520,75,59,38,21,21,11,9,69,43,99,76,12,11,1249,107
06000US3401557150,"Paulsboro borough, Gloucester County, NJ",5874,51,276,169,783,538,500,361,190,258,265,191,178,175,3682,588
06000US3401559070,"Pitman borough, Gloucester County, NJ",8733,98,581,524,472,199,187,111,167,110,295,129,115,104,6916,580
06000US3401569030,"South Harrison township, Gloucester County, NJ",3148,21,66,41,168,192,4,6,0,12,58,66,2,4,2850,196
06000US3401571850,"Swedesboro borough, Gloucester County, NJ",2579,24,98,92,138,79,178,133,42,35,202,130,103,78,1818,187
06000US3401577180,"Washington township, Gloucester County, NJ",47616,162,791,246,1025,584,831,391,720,307,947,309,689,224,42613,867
06000US3401578110,"Wenonah borough, Gloucester County, NJ",2259,71,26,26,15,17,28,31,20,29,23,21,19,21,2128,93
06000US3401578800,"West Deptford township, Gloucester County, NJ",20953,118,486,171,457,186,535,218,377,147,1130,443,504,252,17464,595
06000US3401580120,"Westville borough, Gloucester County, NJ",4169,25,229,111,263,161,309,196,153,105,147,84,97,94,2971,257
06000US3401582120,"Woodbury city, Gloucester County, NJ",9844,42,450,226,1438,492,567,263,347,176,448,231,120,75,6474,436
06000US3401582180,"Woodbury Heights borough, Gloucester County, NJ",2981,23,20,18,110,70,17,27,112,60,75,79,37,38,2610,131
06000US3401582840,"Woolwich township, Gloucester County, NJ",12506,54,295,172,102,81,134,126,92,99,270,204,36,41,11577,334
06000US3401703580,"Bayonne city, Hudson County, NJ",65027,64,3349,577,5449,962,4120,951,2494,695,4042,787,1554,443,44019,1624
06000US3401719360,"East Newark borough, Hudson County, NJ",2618,40,51,40,296,129,65,50,216,157,324,196,77,47,1589,212
06000US3401728650,"Guttenberg town, Hudson County, NJ",11210,82,694,346,915,420,1009,644,513,452,287,202,63,62,7729,725
06000US3401730210,"Harrison town, Hudson County, NJ",17213,44,1397,380,1418,438,380,174,760,293,1713,685,592,270,10953,784
06000US3401732250,"Hoboken city, Hudson County, NJ",51674,339,2669,720,1804,472,950,433,1119,445,1248,358,235,95,43649,957
06000US3401736000,"Jersey City city, Hudson County, NJ",259184,352,22411,2132,22048,1740,10949,1102,11354,1716,14125,1783,6068,1104,172229,2818
06000US3401736510,"Kearny town, Hudson County, NJ",39536,387,1637,497,2447,783,2157,605,1662,526,2578,648,1132,445,27923,1352
06000US3401752470,"North Bergen township, Hudson County, NJ",60985,186,3002,705,4720,975,2745,703,2034,707,4328,884,1422,554,42734,1698
06000US3401766570,"Secaucus town, Hudson County, NJ",19565,239,641,289,723,235,247,143,531,481,838,455,187,131,16398,836
06000US3401774630,"Union City city, Hudson County, NJ",67698,208,4450,815,8850,1081,4566,732,4795,995,6243,972,2423,552,36371,1515
06000US3401777930,"Weehawken township, Hudson County, NJ",14539,69,597,240,869,265,481,263,344,198,545,272,160,152,11543,460
06000US3401779610,"West New York town, Hudson County, NJ",52332,270,3954,670,6478,1114,2539,586,2687,680,5594,1086,1544,519,29536,1492
06000US3401900550,"Alexandria township, Hunterdon County, NJ",4737,53,19,30,97,126,13,20,82,88,0,12,21,31,4505,178
06000US3401905650,"Bethlehem township, Hunterdon County, NJ",3855,41,73,52,57,40,81,71,0,12,75,40,0,12,3569,112
06000US3401906370,"Bloomsbury borough, Hunterdon County, NJ",728,118,16,15,45,40,13,18,2,4,86,78,2,4,564,109
06000US3401909280,"Califon borough, Hunterdon County, NJ",1136,155,13,15,26,30,5,6,15,18,51,59,9,9,1017,145
06000US3401913720,"Clinton town, Hunterdon County, NJ",2682,22,62,35,82,62,57,46,40,42,70,43,26,22,2345,105
06000US3401913750,"Clinton township, Hunterdon County, NJ",10466,307,163,83,234,178,19,23,94,77,349,262,17,18,9590,423
06000US3401917170,"Delaware township, Hunterdon County, NJ",4423,50,149,110,86,85,41,44,83,106,58,75,99,98,3907,178
06000US3401918820,"East Amwell township, Hunterdon County, NJ",3856,57,30,28,61,87,79,90,25,40,65,61,50,71,3546,176
06000US3401923700,"Flemington borough, Hunterdon County, NJ",4514,61,426,262,594,307,289,189,279,194,35,45,26,35,2865,418
06000US3401924870,"Franklin township, Hunterdon County, NJ",3312,26,66,44,36,37,26,35,5,9,72,74,4,7,3103,102
06000US3401925350,"Frenchtown borough, Hunterdon County, NJ",1445,177,106,97,71,43,61,45,58,54,77,46,39,26,1033,155
06000US3401926550,"Glen Gardner borough, Hunterdon County, NJ",1470,137,33,24,71,33,18,15,43,46,83,67,12,10,1210,119
06000US3401929460,"Hampton borough, Hunterdon County, NJ",1305,145,51,38,62,34,28,19,27,23,28,19,6,6,1103,141
06000US3401931320,"High Bridge borough, Hunterdon County, NJ",3500,18,132,77,357,256,24,26,75,68,70,67,32,28,2810,248
06000US3401932460,"Holland township, Hunterdon County, NJ",5133,16,123,125,57,64,32,38,37,42,39,37,63,56,4782,158
06000US3401937065,"Kingwood township, Hunterdon County, NJ",3752,21,18,27,18,28,36,41,18,28,154,197,62,70,3446,204
06000US3401938610,"Lambertville city, Hunterdon County, NJ",3805,33,229,195,106,86,19,25,91,86,237,178,113,102,3010,256
06000US3401939630,"Lebanon borough, Hunterdon County, NJ",1854,158,63,62,36,27,9,9,111,92,61,50,12,13,1562,156
06000US3401939660,"Lebanon township, Hunterdon County, NJ",6056,44,110,89,31,36,17,24,65,59,91,70,0,17,5742,147
06000US3401946260,"Milford borough, Hunterdon County, NJ",1293,219,14,14,23,21,11,13,7,8,56,33,3,5,1179,218
06000US3401961920,"Raritan township, Hunterdon County, NJ",21896,95,294,193,336,166,121,81,385,268,444,209,79,75,20237,422
06000US3401962250,"Readington township, Hunterdon County, NJ",15897,40,134,88,275,156,678,586,204,153,318,209,25,32,14263,606
06000US3401970980,"Stockton borough, Hunterdon County, NJ",614,138,10,9,21,20,5,8,80,112,2,4,12,11,484,101
06000US3401972510,"Tewksbury township, Hunterdon County, NJ",5812,38,35,52,0,17,75,89,21,32,163,151,0,17,5518,199
06000US3401974420,"Union township, Hunterdon County, NJ",4761,134,208,295,63,49,60,59,28,33,146,89,29,40,4227,432
06000US3401978230,"West Amwell township, Hunterdon County, NJ",2757,21,11,12,41,30,40,24,76,80,122,76,19,16,2448,127
06000US3402119780,"East Windsor township, Mercer County, NJ",27124,110,1027,342,992,478,596,290,650,461,1412,537,674,328,21773,939
06000US3402122185,"Ewing township, Mercer County, NJ",32082,302,2284,630,999,309,1528,553,592,363,1224,356,692,593,24763,1130
06000US3402129310,"Hamilton township, Mercer County, NJ",86960,157,2853,765,4055,934,2118,628,2938,809,4577,940,1396,472,69023,1396
06000US3402131620,"Hightstown borough, Mercer County, NJ",5215,205,265,204,300,264,113,106,65,62,365,223,121,127,3986,550
06000US3402133150,"Hopewell borough, Mercer County, NJ",1906,111,67,67,54,45,10,15,2,5,77,55,4,6,1692,117
06000US3402133180,"Hopewell township, Mercer County, NJ",17540,149,280,123,166,95,312,309,23,26,93,54,88,70,16578,386
06000US3402139510,"Lawrence township, Mercer County, NJ",30478,269,1138,359,689,257,523,353,537,317,784,281,229,131,26578,836
06000US3402157600,"Pennington borough, Mercer County, NJ",2531,25,46,37,19,28,109,144,29,46,20,25,4,7,2304,153
06000US3402160900,"Princeton, Mercer County, NJ",25572,471,1100,409,907,376,439,304,423,260,961,505,257,180,21485,866
06000US3402163850,"Robbinsville township, Mercer County, NJ",14365,109,59,48,76,52,194,168,193,144,280,179,121,122,13442,316
06000US3402174000,"Trenton city, Mercer County, NJ",80442,468,11277,1473,11824,1368,6063,1174,4533,859,9084,1552,2052,739,35609,2071
06000US3402180240,"West Windsor township, Mercer County, NJ",27713,165,353,186,150,77,54,50,215,181,234,137,126,89,26581,350
06000US3402310750,"Carteret borough, Middlesex County, NJ",23542,86,990,517,2084,772,1095,535,711,529,1051,397,1040,688,16571,1207
06000US3402315550,"Cranbury township, Middlesex County, NJ",3571,179,22,34,29,32,7,11,63,82,2,4,0,12,3448,167
06000US3402318490,"Dunellen borough, Middlesex County, NJ",7233,39,493,326,409,358,264,270,80,60,485,420,190,270,5312,605
06000US3402319000,"East Brunswick township, Middlesex County, NJ",47573,146,1260,493,1628,604,815,291,590,290,1203,347,596,438,41481,1014
06000US3402320230,"Edison township, Middlesex County, NJ",99223,249,2879,684,2781,647,1501,416,2370,679,3156,615,1981,623,84555,1529
06000US3402330840,"Helmetta borough, Middlesex County, NJ",2475,167,40,21,37,49,96,100,16,17,140,100,10,14,2136,193
06000US3402331470,"Highland Park borough, Middlesex County, NJ",13868,57,586,219,796,384,243,176,292,149,900,367,211,90,10840,589
06000US3402334890,"Jamesburg borough, Middlesex County, NJ",5921,19,179,154,202,271,377,395,42,39,105,124,45,123,4971,527
06000US3402345690,"Metuchen borough, Middlesex County, NJ",14048,61,186,126,217,103,288,268,180,144,196,142,179,102,12802,337
06000US3402345900,"Middlesex borough, Middlesex County, NJ",13662,65,252,322,708,490,347,231,134,116,1179,432,297,335,10745,651
06000US3402346620,"Milltown borough, Middlesex County, NJ",6998,33,367,572,29,24,128,209,334,369,699,487,14,23,5427,795
06000US3402347280,"Monroe township, Middlesex County, NJ",43981,166,706,187,1143,417,551,175,640,409,1256,320,854,347,38831,846
06000US3402351210,"New Brunswick city, Middlesex County, NJ",47049,1065,9158,1143,7022,1104,3697,956,3063,845,2998,824,1249,502,19862,1618
06000US3402352560,"North Brunswick township, Middlesex County, NJ",39400,1089,1008,443,2261,878,943,533,666,334,1167,621,489,230,32866,1364
06000US3402354705,"Old Bridge township, Middlesex County, NJ",65430,158,1351,303,2060,544,1197,466,1705,545,2106,630,951,466,56060,1077
06000US3402358200,"Perth Amboy city, Middlesex County, NJ",51113,225,3283,656,6433,1093,3134,795,2589,612,4468,848,2001,785,29205,1260
06000US3402359010,"Piscataway township, Middlesex County, NJ",46633,823,2036,519,1467,581,998,443,640,239,1464,424,559,289,39469,1277
06000US3402359280,"Plainsboro township, Middlesex County, NJ",22871,100,502,248,265,157,128,93,94,69,328,194,187,144,21367,383
06000US3402365790,"Sayreville borough, Middlesex County, NJ",44250,101,1077,304,2005,466,1452,438,1106,388,1875,562,787,379,35948,1031
06000US3402368550,"South Amboy city, Middlesex County, NJ",8772,33,192,172,368,229,193,153,458,345,384,226,25,39,7152,467
06000US3402368790,"South Brunswick township, Middlesex County, NJ",45314,124,536,325,1017,438,511,252,847,381,1059,422,192,145,41152,680
06000US3402369390,"South Plainfield borough, Middlesex County, NJ",23730,112,290,96,368,158,434,170,717,509,750,390,339,220,20832,667
06000US3402369420,"South River borough, Middlesex County, NJ",16001,46,601,328,552,403,259,161,404,305,652,406,551,308,12982,675
06000US3402369810,"Spotswood borough, Middlesex County, NJ",8269,54,240,187,290,161,283,164,32,51,207,130,126,90,7091,325
06000US3402382000,"Woodbridge township, Middlesex County, NJ",95861,682,2313,591,2965,729,2471,742,2508,541,3113,757,1579,577,80912,1731
06000US3402500070,"Aberdeen township, Monmouth County, NJ",18461,65,359,151,306,169,213,114,227,101,735,308,132,79,16489,424
06000US3402500730,"Allenhurst borough, Monmouth County, NJ",475,96,2,2,5,5,0,12,2,3,5,6,23,24,438,91
06000US3402500760,"Allentown borough, Monmouth County, NJ",1892,142,23,16,22,17,16,22,3,5,27,23,17,19,1784,150
06000US3402501960,"Asbury Park city, Monmouth County, NJ",15575,40,1697,480,2326,555,1186,353,842,346,1085,348,560,242,7879,600
06000US3402502110,"Atlantic Highlands borough, Monmouth County, NJ",4309,30,68,39,86,64,63,41,175,117,67,60,10,14,3840,161
06000US3402502440,"Avon-by-the-Sea borough, Monmouth County, NJ",1789,172,92,59,58,44,19,23,18,19,36,27,9,10,1557,168
06000US3402504930,"Belmar borough, Monmouth County, NJ",5624,24,221,90,450,266,269,163,68,60,334,226,50,34,4232,313
06000US3402506970,"Bradley Beach borough, Monmouth County, NJ",4193,20,142,108,317,243,172,127,145,112,278,159,200,218,2939,358
06000US3402507750,"Brielle borough, Monmouth County, NJ",4697,29,79,58,9,14,72,52,47,47,0,12,7,11,4483,96
06000US3402514560,"Colts Neck township, Monmouth County, NJ",9817,34,122,82,286,177,0,17,0,17,211,127,60,59,9138,226
06000US3402516660,"Deal borough, Monmouth County, NJ",519,92,65,38,46,24,10,9,17,12,2,2,0,12,379,88
06000US3402519840,"Eatontown borough, Monmouth County, NJ",12067,99,863,318,491,185,396,309,324,191,864,359,251,155,8878,641
06000US3402521570,"Englishtown borough, Monmouth County, NJ",2105,160,137,64,109,59,109,86,64,69,75,55,111,88,1500,151
06000US3402522440,"Fair Haven borough, Monmouth County, NJ",5865,29,144,154,51,45,32,41,68,88,49,52,36,56,5485,198
06000US3402522950,"Farmingdale borough, Monmouth County, NJ",1299,99,75,66,164,107,69,52,26,20,36,28,10,13,919,126
06000US3402525200,"Freehold borough, Monmouth County, NJ",11722,119,763,308,1161,536,403,195,857,370,812,351,210,183,7516,720
06000US3402525230,"Freehold township, Monmouth County, NJ",34030,174,677,328,832,358,638,379,748,330,746,236,410,243,29979,733
06000US3402530690,"Hazlet township, Monmouth County, NJ",19629,136,422,180,450,316,287,149,314,154,542,308,474,217,17140,577
06000US3402531500,"Highlands borough, Monmouth County, NJ",4768,15,180,127,163,126,324,268,19,30,199,170,125,88,3758,348
06000US3402532640,"Holmdel township, Monmouth County, NJ",16207,207,454,217,220,117,180,165,230,128,244,157,19,32,14860,379
06000US3402533300,"Howell township, Monmouth County, NJ",51794,127,1406,616,1126,445,1007,347,1317,520,1264,469,885,408,44789,1038
06000US3402534200,"Interlaken borough, Monmouth County, NJ",749,85,21,17,27,22,8,7,0,12,16,9,2,3,675,83
06000US3402536480,"Keansburg borough, Monmouth County, NJ",9581,77,1577,630,945,415,319,259,265,203,586,384,227,224,5662,634
06000US3402536810,"Keyport borough, Monmouth County, NJ",7026,27,415,225,291,147,473,248,359,216,235,120,219,118,5034,387
06000US3402537560,"Lake Como borough, Monmouth County, NJ",1740,166,83,74,94,81,7,7,123,127,37,28,16,15,1380,148
06000US3402540770,"Little Silver borough, Monmouth County, NJ",5844,24,53,62,30,36,0,17,0,17,17,27,13,20,5731,84
06000US3402541010,"Loch Arbour village, Monmouth County, NJ",230,60,26,35,2,3,0,12,0,12,5,7,3,4,194,46
06000US3402541310,"Long Branch city, Monmouth County, NJ",30208,130,2283,573,3373,724,1350,482,1465,417,2492,688,784,346,18461,1029
06000US3402542990,"Manalapan township, Monmouth County, NJ",39574,83,692,295,474,250,521,251,556,245,755,265,509,227,36067,562
06000US3402543050,"Manasquan borough, Monmouth County, NJ",5829,32,135,98,46,45,145,156,0,17,202,158,32,33,5269,252
06000US3402544070,"Marlboro township, Monmouth County, NJ",39893,96,514,224,208,166,432,327,476,309,1201,711,334,237,36728,929
06000US3402544520,"Matawan borough, Monmouth County, NJ",8649,49,176,125,358,233,95,56,52,85,333,227,55,60,7580,406
06000US3402545990,"Middletown township, Monmouth County, NJ",65209,112,1008,306,1327,425,835,312,741,256,1842,481,722,294,58734,822
06000US3402546560,"Millstone township, Monmouth County, NJ",10441,24,81,60,407,239,148,88,351,465,61,71,45,43,9348,515
06000US3402547130,"Monmouth Beach borough, Monmouth County, NJ",3212,47,89,56,39,41,76,79,40,47,12,19,10,17,2946,117
06000US3402549890,"Neptune township, Monmouth County, NJ",27090,206,1438,404,1402,289,809,296,724,279,728,265,465,257,21524,751
06000US3402549920,"Neptune City borough, Monmouth County, NJ",4593,100,58,76,571,323,160,191,0,12,387,331,240,193,3177,442
06000US3402554270,"Ocean township, Monmouth County, NJ",26682,54,533,194,1142,481,471,257,458,225,738,244,295,126,23045,636
06000US3402554570,"Oceanport borough, Monmouth County, NJ",5725,24,203,142,149,133,269,223,139,140,327,312,17,26,4621,400
06000US3402562430,"Red Bank borough, Monmouth County, NJ",11934,53,719,318,894,408,367,257,593,350,1167,483,193,159,8001,670
06000US3402564410,"Roosevelt borough, Monmouth County, NJ",854,165,20,13,16,24,0,12,22,24,16,14,5,6,775,155
06000US3402565130,"Rumson borough, Monmouth County, NJ",6765,57,56,29,58,48,63,63,1,3,98,107,31,42,6458,153
06000US3402566240,"Sea Bright borough, Monmouth County, NJ",1337,126,20,15,55,32,23,19,29,25,43,30,41,32,1126,127
06000US3402566330,"Sea Girt borough, Monmouth County, NJ",1655,116,36,26,18,18,0,12,0,12,0,12,0,12,1601,115
06000US3402567350,"Shrewsbury borough, Monmouth County, NJ",3940,93,20,23,0,12,125,73,0,12,119,173,95,98,3581,250
06000US3402567365,"Shrewsbury township, Monmouth County, NJ",1014,171,21,21,99,58,69,65,21,17,20,18,42,39,742,152
06000US3402570110,"Spring Lake borough, Monmouth County, NJ",2927,26,184,182,86,58,95,126,0,12,129,142,44,53,2389,258
06000US3402570140,"Spring Lake Heights borough, Monmouth County, NJ",4564,34,54,51,78,77,67,57,196,196,109,97,90,74,3970,206
06000US3402573020,"Tinton Falls borough, Monmouth County, NJ",17493,75,299,159,648,298,536,470,567,401,847,362,473,332,14123,713
06000US3402574540,"Union Beach borough, Monmouth County, NJ",5381,27,392,395,180,139,46,52,139,191,131,138,1,2,4492,541
06000US3402574900,"Upper Freehold township, Monmouth County, NJ",6940,27,207,157,132,155,66,105,111,108,96,116,97,77,6231,314
06000US3402576460,"Wall township, Monmouth County, NJ",25278,221,615,323,508,186,258,140,620,261,556,242,644,385,22077,647
06000US3402579310,"West Long Branch borough, Monmouth County, NJ",6709,196,254,224,126,65,402,261,157,116,98,84,44,54,5628,418
06000US3402706610,"Boonton town, Morris County, NJ",8307,51,145,77,267,163,645,373,136,121,610,287,78,71,6426,487
06000US3402706640,"Boonton township, Morris County, NJ",4173,46,52,54,42,32,136,115,155,166,122,105,26,32,3640,241
06000US3402709040,"Butler borough, Morris County, NJ",7679,26,166,116,190,88,231,192,139,92,208,103,266,200,6479,330
06000US3402712100,"Chatham borough, Morris County, NJ",8785,39,56,37,53,45,2,4,206,194,88,82,15,24,8365,217
06000US3402712130,"Chatham township, Morris County, NJ",10197,114,171,135,116,74,14,19,75,50,45,33,14,22,9762,208
06000US3402712580,"Chester borough, Morris County, NJ",1644,112,80,63,44,30,3,4,41,33,100,93,8,8,1368,112
06000US3402712610,"Chester township, Morris County, NJ",7754,41,63,53,78,107,22,33,18,30,189,134,117,183,7267,253
06000US3402717650,"Denville township, Morris County, NJ",16532,58,165,118,533,240,197,200,128,102,353,196,152,110,15004,390
06000US3402718070,"Dover town, Morris County, NJ",17577,189,360,215,1359,461,460,197,978,518,1935,887,609,314,11876,1086
06000US3402719210,"East Hanover township, Morris County, NJ",11072,33,177,171,71,63,303,288,90,88,109,80,137,105,10185,348
06000US3402723910,"Florham Park borough, Morris County, NJ",10157,179,588,313,208,139,208,165,35,40,103,54,99,79,8916,541
06000US3402729550,"Hanover township, Morris County, NJ",14320,72,123,62,199,107,112,85,180,125,427,242,65,70,13214,303
06000US3402729700,"Harding township, Morris County, NJ",3786,40,141,116,52,59,59,89,9,14,18,29,103,134,3404,210
06000US3402734980,"Jefferson township, Morris County, NJ",21001,48,403,222,643,357,310,165,387,258,540,325,254,129,18464,622
06000US3402737110,"Kinnelon borough, Morris County, NJ",10054,21,207,143,89,56,161,174,30,35,149,160,10,15,9408,258
06000US3402740290,"Lincoln Park borough, Morris County, NJ",9582,203,143,158,152,114,30,35,120,117,219,134,138,132,8780,302
06000US3402741362,"Long Hill township, Morris County, NJ",8590,21,92,58,156,161,122,144,81,86,43,36,60,65,8036,271
06000US3402742510,"Madison borough, Morris County, NJ",15027,181,350,145,412,161,45,39,90,64,193,93,152,89,13785,327
06000US3402745330,"Mendham borough, Morris County, NJ",4706,89,86,66,27,34,42,53,23,25,46,53,17,27,4465,122
06000US3402745360,"Mendham township, Morris County, NJ",5755,23,113,93,27,32,78,57,0,17,7,12,55,72,5475,133
06000US3402746860,"Mine Hill township, Morris County, NJ",3522,25,17,20,255,297,162,169,32,33,251,185,40,50,2765,354
06000US3402747670,"Montville township, Morris County, NJ",21276,77,458,238,233,130,150,103,362,286,390,212,70,58,19613,469
06000US3402748090,"Morris township, Morris County, NJ",21529,245,469,193,703,319,192,144,365,299,96,55,113,61,19591,494
06000US3402748210,"Morris Plains borough, Morris County, NJ",5748,34,33,27,54,47,16,12,37,27,103,77,63,42,5442,105
06000US3402748300,"Morristown town, Morris County, NJ",18590,201,653,306,1164,512,918,802,568,290,861,699,144,149,14282,1072
06000US3402748480,"Mountain Lakes borough, Morris County, NJ",4270,23,49,39,33,41,0,12,55,83,111,91,22,24,4000,126
06000US3402748690,"Mount Arlington borough, Morris County, NJ",5637,24,64,55,119,226,584,574,555,479,176,122,418,333,3721,507
06000US3402749080,"Mount Olive township, Morris County, NJ",28915,34,787,364,1145,501,466,240,1231,576,1805,754,211,140,23270,1017
06000US3402750130,"Netcong borough, Morris County, NJ",3155,34,232,192,112,65,166,112,71,80,80,59,78,75,2416,198
06000US3402756460,"Parsippany-Troy Hills township, Morris County, NJ",51584,325,1395,430,863,243,616,238,1139,361,1550,454,347,144,45674,811
06000US3402758110,"Pequannock township, Morris County, NJ",15111,70,275,132,611,394,230,170,271,160,344,165,122,72,13258,548
06000US3402761890,"Randolph township, Morris County, NJ",25433,68,647,278,275,155,243,138,220,176,628,290,266,181,23154,501
06000US3402763300,"Riverdale borough, Morris County, NJ",4197,21,62,44,198,212,60,41,9,14,232,214,0,12,3636,270
06000US3402764050,"Rockaway borough, Morris County, NJ",6384,23,77,95,127,128,32,36,165,198,153,161,33,41,5797,309
06000US3402764080,"Rockaway township, Morris County, NJ",25069,34,294,136,796,481,437,276,291,158,609,313,472,228,22170,676
06000US3402764980,"Roxbury township, Morris County, NJ",22744,136,553,264,642,261,204,99,207,94,458,230,95,64,20585,444
06000US3402775890,"Victory Gardens borough, Morris County, NJ",1505,119,70,54,148,89,107,56,111,77,115,62,0,12,954,141
06000US3402777240,"Washington township, Morris County, NJ",18276,134,437,201,237,183,294,234,151,97,405,252,244,245,16508,536
06000US3402780390,"Wharton borough, Morris County, NJ",6469,21,140,82,386,371,400,538,392,302,503,440,63,65,4585,715
06000US3402903050,"Barnegat township, Ocean County, NJ",22651,116,639,284,1201,616,763,334,835,422,1104,510,275,172,17834,803
06000US3402903130,"Barnegat Light borough, Ocean County, NJ",355,80,11,13,3,4,7,10,12,18,10,12,0,12,312,77
06000US3402903520,"Bay Head borough, Ocean County, NJ",1048,127,12,9,14,16,0,12,57,37,7,7,0,12,958,123
06000US3402903940,"Beach Haven borough, Ocean County, NJ",1085,122,37,22,34,23,8,8,45,29,47,32,13,10,901,117
06000US3402904180,"Beachwood borough, Ocean County, NJ",11133,82,484,286,539,210,198,104,210,140,584,268,352,206,8766,484
06000US3402905305,"Berkeley township, Ocean County, NJ",41216,141,1613,608,1650,389,1313,371,1379,321,2788,557,980,291,31493,918
06000US3402907420,"Brick township, Ocean County, NJ",74737,168,2484,546,2633,628,1641,449,2064,585,2733,546,1325,600,61857,1196
06000US3402918670,"Eagleswood township, Ocean County, NJ",1583,130,18,13,53,41,35,25,40,31,154,65,4,5,1279,142
06000US3402930390,"Harvey Cedars borough, Ocean County, NJ",475,63,1,3,33,21,5,5,15,12,0,12,9,9,412,56
06000US3402934530,"Island Heights borough, Ocean County, NJ",1497,170,6,6,0,12,17,22,32,37,43,31,15,13,1384,166
06000US3402934680,"Jackson township, Ocean County, NJ",56611,143,1046,370,1999,600,634,260,1498,510,2285,660,782,470,48367,1079
06000US3402937380,"Lacey township, Ocean County, NJ",28590,210,995,361,1229,725,373,240,1160,453,611,266,391,182,23831,985
06000US3402937770,"Lakehurst borough, Ocean County, NJ",2670,41,93,54,118,66,210,164,6,9,341,175,60,58,1842,232
06000US3402938550,"Lakewood township, Ocean County, NJ",100163,370,8394,1485,15862,2478,10149,1758,6208,1449,9494,1948,4153,1288,45903,2345
06000US3402939390,"Lavallette borough, Ocean County, NJ",2145,156,6,8,156,75,72,61,39,44,68,39,13,20,1791,143
06000US3402940560,"Little Egg Harbor township, Ocean County, NJ",20798,191,697,335,957,458,564,236,586,332,641,295,602,262,16751,645
06000US3402941250,"Long Beach township, Ocean County, NJ",3056,23,236,181,84,55,42,34,61,37,44,28,85,78,2504,190
06000US3402943140,"Manchester township, Ocean County, NJ",42892,216,1286,262,2049,505,1613,316,2238,483,3057,571,1223,299,31426,884
06000US3402943380,"Mantoloking borough, Ocean County, NJ",378,55,11,8,7,7,1,2,4,5,4,5,1,3,350,55
06000US3402954300,"Ocean township, Ocean County, NJ",8957,67,245,104,400,247,110,116,273,228,604,334,100,81,7225,440
06000US3402954450,"Ocean Gate borough, Ocean County, NJ",1601,219,100,82,95,90,43,30,81,125,121,88,9,13,1152,225
06000US3402958590,"Pine Beach borough, Ocean County, NJ",2273,155,10,10,151,129,15,16,47,43,76,53,14,16,1960,173
06000US3402959790,"Plumsted township, Ocean County, NJ",8495,51,112,83,232,177,154,131,478,466,236,191,50,80,7233,513
06000US3402959880,"Point Pleasant borough, Ocean County, NJ",18449,128,197,107,308,177,404,212,174,102,280,154,145,89,16941,389
06000US3402959910,"Point Pleasant Beach borough, Ocean County, NJ",4529,27,225,255,196,162,33,40,49,36,161,114,30,30,3835,357
06000US3402966450,"Seaside Heights borough, Ocean County, NJ",2892,10,249,208,152,108,52,82,81,91,172,152,138,100,2048,350
06000US3402966480,"Seaside Park borough, Ocean County, NJ",1628,272,58,77,53,31,43,38,29,28,86,105,15,18,1344,259
06000US3402967110,"Ship Bottom borough, Ocean County, NJ",1049,115,24,18,18,15,15,14,21,20,25,18,8,11,938,111
06000US3402969510,"South Toms River borough, Ocean County, NJ",3648,39,264,172,212,171,63,72,125,119,108,70,168,115,2708,291
06000US3402970320,"Stafford township, Ocean County, NJ",27064,159,1411,674,834,323,706,337,574,269,1063,349,461,254,22015,945
06000US3402971640,"Surf City borough, Ocean County, NJ",1271,135,33,21,37,21,14,12,25,19,34,16,22,17,1106,125
06000US3402973125,"Toms River township, Ocean County, NJ",90816,294,3077,622,3862,881,1947,598,1640,432,4532,754,1753,582,74005,1500
06000US3402974210,"Tuckerton borough, Ocean County, NJ",3367,17,68,47,150,141,190,166,136,159,398,254,91,89,2334,285
06000US3403106340,"Bloomingdale borough, Passaic County, NJ",7985,109,48,54,621,743,94,98,59,61,212,135,0,17,6951,665
06000US3403113690,"Clifton city, Passaic County, NJ",84368,174,3173,901,5115,1062,3089,799,2997,833,3947,1007,2602,646,63445,1750
06000US3403129070,"Haledon borough, Passaic County, NJ",8325,27,631,322,329,272,539,293,258,168,268,192,245,145,6055,535
06000US3403130570,"Hawthorne borough, Passaic County, NJ",18775,38,514,256,513,223,877,593,932,575,638,340,68,57,15233,801
06000US3403140620,"Little Falls township, Passaic County, NJ",13333,251,245,162,353,280,228,287,68,86,593,468,354,290,11492,686
06000US3403153040,"North Haledon borough, Passaic County, NJ",8389,74,302,332,72,50,117,148,41,107,349,354,48,57,7460,386
06000US3403156550,"Passaic city, Passaic County, NJ",69686,127,8679,1088,11276,1424,6352,1119,5348,1012,4377,840,1867,664,31787,1589
06000US3403157000,"Paterson city, Passaic County, NJ",144446,249,14971,1584,23452,1888,10290,1261,8893,1246,12036,1438,5082,1076,69722,2220
06000US3403160090,"Pompton Lakes borough, Passaic County, NJ",10946,83,344,188,428,223,134,91,48,52,271,197,127,87,9594,412
06000US3403161170,"Prospect Park borough, Passaic County, NJ",5865,21,583,339,430,233,524,262,416,242,470,231,165,132,3277,404
06000US3403163150,"Ringwood borough, Passaic County, NJ",12166,50,102,71,103,87,187,154,77,87,89,72,160,112,11448,226
06000US3403173140,"Totowa borough, Passaic County, NJ",10678,130,246,92,326,222,125,145,40,37,274,172,208,184,9459,441
06000US3403176730,"Wanaque borough, Passaic County, NJ",11359,134,323,159,305,271,34,32,241,133,385,223,81,68,9990,333
06000US3403177840,"Wayne township, Passaic County, NJ",51200,350,942,334,851,251,756,275,868,324,1826,551,260,140,45697,932
06000US3403179460,"West Milford township, Passaic County, NJ",25992,186,901,385,230,93,277,202,351,201,820,272,1152,615,22261,853
06000US3403182423,"Woodland Park borough, Passaic County, NJ",12536,29,684,268,749,344,433,265,361,231,660,308,72,109,9577,581
06000US3403300880,"Alloway township, Salem County, NJ",3250,51,68,49,56,65,5,11,39,88,135,98,0,12,2947,125
06000US3403310610,"Carneys Point township, Salem County, NJ",7311,114,442,165,509,261,331,176,258,119,783,294,141,92,4847,406
06000US3403321240,"Elmer borough, Salem County, NJ",1427,96,62,51,15,19,4,5,4,5,125,79,6,5,1211,97
06000US3403321330,"Elsinboro township, Salem County, NJ",1052,97,54,28,28,15,46,56,32,25,22,14,26,35,844,95
06000US3403341640,"Lower Alloways Creek township, Salem County, NJ",1714,124,38,24,23,14,39,27,37,29,39,39,0,12,1538,131
06000US3403343200,"Mannington township, Salem County, NJ",1317,129,97,58,71,63,19,14,10,7,62,52,21,20,1037,109
06000US3403354810,"Oldmans township, Salem County, NJ",1729,119,119,79,110,77,22,16,7,10,31,27,14,10,1426,150
06000US3403357750,"Penns Grove borough, Salem County, NJ",4816,30,813,357,722,286,513,319,314,203,240,141,128,127,2086,369
06000US3403357870,"Pennsville township, Salem County, NJ",12571,29,186,84,920,371,640,259,416,206,352,216,147,94,9910,483
06000US3403358530,"Pilesgrove township, Salem County, NJ",3932,88,36,47,116,107,150,95,51,54,25,28,32,31,3522,162
06000US3403359130,"Pittsgrove township, Salem County, NJ",8745,75,134,65,197,115,299,186,322,152,300,161,295,291,7198,370
06000US3403361470,"Quinton township, Salem County, NJ",2274,179,69,37,96,96,60,46,190,148,236,138,29,32,1594,229
06000US3403365490,"Salem city, Salem County, NJ",4754,41,926,292,1079,316,340,190,292,158,209,129,152,100,1756,318
06000US3403375110,"Upper Pittsgrove township, Salem County, NJ",3300,41,250,172,123,117,76,44,124,110,142,117,61,72,2524,268
06000US3403382720,"Woodstown borough, Salem County, NJ",3456,34,98,76,194,151,221,151,60,46,234,125,10,16,2639,254
06000US3403504450,"Bedminster township, Somerset County, NJ",7934,65,433,240,92,68,17,27,23,26,74,55,103,98,7192,273
06000US3403505560,"Bernards township, Somerset County, NJ",26439,229,583,223,398,190,327,208,307,185,299,204,109,97,24416,450
06000US3403505590,"Bernardsville borough, Somerset County, NJ",7678,20,62,57,194,200,35,56,29,43,59,61,34,40,7265,213
06000US3403506790,"Bound Brook borough, Somerset County, NJ",10252,58,329,199,497,343,357,182,107,80,672,481,241,162,8049,655
06000US3403507180,"Branchburg township, Somerset County, NJ",14473,32,204,166,115,70,48,35,141,115,352,173,240,116,13373,276
06000US3403507720,"Bridgewater township, Somerset County, NJ",43923,197,656,220,709,226,356,212,357,153,915,297,332,250,40598,576
06000US3403522890,"Far Hills borough, Somerset County, NJ",857,68,34,27,7,7,13,11,23,24,32,18,17,21,731,71
06000US3403524900,"Franklin township, Somerset County, NJ",64831,221,1694,553,2608,816,1763,837,1175,566,2136,729,863,460,54592,1469
06000US3403527510,"Green Brook township, Somerset County, NJ",6968,181,69,70,191,167,152,158,37,37,27,31,46,76,6446,326
06000US3403531890,"Hillsborough township, Somerset County, NJ",39371,135,388,177,586,368,303,169,336,202,672,380,321,158,36765,577
06000US3403543620,"Manville borough, Somerset County, NJ",10230,25,768,389,370,221,214,132,423,342,886,533,199,130,7370,705
06000US3403546590,"Millstone borough, Somerset County, NJ",496,97,18,10,6,5,10,9,21,31,6,4,2,4,433,92
06000US3403547580,"Montgomery township, Somerset County, NJ",22825,118,517,247,314,191,188,111,45,45,157,135,51,48,21553,359
06000US3403553280,"North Plainfield borough, Somerset County, NJ",21454,79,801,450,1996,859,479,295,634,400,1726,600,383,282,15435,869
06000US3403557300,"Peapack and Gladstone borough, Somerset County, NJ",2271,159,41,34,41,39,55,72,0,12,110,135,15,24,2009,224
06000US3403561980,"Raritan borough, Somerset County, NJ",7846,40,249,145,197,154,323,274,151,100,197,92,73,102,6656,387
06000US3403564320,"Rocky Hill borough, Somerset County, NJ",636,102,6,5,17,9,4,7,12,15,21,24,4,5,572,102
06000US3403568460,"Somerville borough, Somerset County, NJ",11808,123,318,139,476,254,448,208,315,215,494,200,311,184,9446,509
06000US3403568730,"South Bound Brook borough, Somerset County, NJ",4534,20,44,33,54,57,157,118,280,193,109,78,156,140,3734,290
06000US3403576940,"Warren township, Somerset County, NJ",15630,57,289,214,137,75,73,62,69,56,275,152,88,76,14699,248
06000US3403577600,"Watchung borough, Somerset County, NJ",5858,193,202,134,52,63,98,123,0,17,92,137,38,56,5376,333
06000US3403701330,"Andover borough, Sussex County, NJ",589,140,6,6,15,10,9,12,33,40,10,11,6,11,510,136
06000US3403701360,"Andover township, Sussex County, NJ",5416,259,194,93,154,73,116,100,163,123,190,121,55,60,4544,288
06000US3403707300,"Branchville borough, Sussex County, NJ",786,155,49,38,38,40,20,27,44,38,14,10,22,17,599,156
06000US3403709160,"Byram township, Sussex County, NJ",7949,27,204,133,104,89,69,44,80,80,143,92,63,49,7286,203
06000US3403724810,"Frankford township, Sussex County, NJ",5233,99,249,292,85,66,8,10,91,71,180,146,170,116,4450,380
06000US3403724930,"Franklin borough, Sussex County, NJ",4773,35,227,139,172,87,260,188,184,146,431,300,119,79,3380,347
06000US3403725140,"Fredon township, Sussex County, NJ",3188,32,100,75,145,167,26,25,26,23,50,54,14,15,2827,174
06000US3403727420,"Green township, Sussex County, NJ",3484,16,48,43,142,160,65,82,5,8,179,152,0,12,3045,204
06000US3403729220,"Hamburg borough, Sussex County, NJ",3148,22,143,125,114,101,25,27,21,24,141,83,76,60,2628,169
06000US3403729490,"Hampton township, Sussex County, NJ",4868,33,91,57,188,117,6,9,81,76,137,71,90,83,4275,171
06000US3403729850,"Hardyston township, Sussex County, NJ",7837,33,207,96,97,61,53,42,345,267,307,187,10,15,6818,334
06000US3403732910,"Hopatcong borough, Sussex County, NJ",14175,108,252,104,138,92,394,275,219,118,568,240,238,134,12366,470
06000US3403737440,"Lafayette township, Sussex County, NJ",2317,184,85,62,57,59,42,30,14,22,117,87,37,40,1965,195
06000US3403747430,"Montague township, Sussex County, NJ",3670,30,132,116,67,46,13,18,72,59,431,235,487,414,2468,409
06000US3403751930,"Newton town, Sussex County, NJ",7566,119,209,106,650,355,134,81,353,214,200,89,225,305,5795,494
06000US3403754660,"Ogdensburg borough, Sussex County, NJ",2309,156,109,87,0,12,8,9,83,50,21,35,0,12,2088,192
06000US3403765700,"Sandyston township, Sussex County, NJ",1999,214,39,20,34,33,41,31,41,39,68,42,14,12,1762,217
06000US3403769690,"Sparta township, Sussex County, NJ",18684,41,289,123,150,94,194,128,358,231,292,190,90,71,17311,338
06000US3403770380,"Stanhope borough, Sussex County, NJ",3322,46,25,21,23,25,9,9,13,18,251,94,7,14,2994,108
06000US3403770890,"Stillwater township, Sussex County, NJ",3911,21,16,18,346,241,56,50,15,17,163,102,36,38,3279,271
06000US3403771670,"Sussex borough, Sussex County, NJ",1865,157,149,73,129,85,118,74,11,15,150,80,21,31,1287,163
06000US3403775740,"Vernon township, Sussex County, NJ",22174,48,386,199,374,177,195,83,247,144,678,274,263,144,20031,436
06000US3403776640,"Walpack township, Sussex County, NJ",6,7,0,12,0,12,0,12,0,12,0,12,0,12,6,7
06000US3403776790,"Wantage township, Sussex County, NJ",10925,26,386,248,103,101,160,137,160,144,640,376,130,137,9346,517
06000US3403905320,"Berkeley Heights township, Union County, NJ",13000,150,94,76,51,53,150,149,23,35,146,101,299,216,12237,343
06000US3403913150,"Clark township, Union County, NJ",15602,129,481,255,344,247,143,100,292,143,160,92,161,110,14021,419
06000US3403915640,"Cranford township, Union County, NJ",23763,148,291,131,347,163,171,100,381,182,465,173,143,86,21965,391
06000US3403921000,"Elizabeth city, Union County, NJ",126494,335,8827,1180,13474,1594,9446,1281,9469,1501,11477,1427,5855,1172,67946,2465
06000US3403922860,"Fanwood borough, Union County, NJ",7513,121,112,93,127,79,2,5,182,169,267,241,19,30,6804,317
06000US3403925800,"Garwood borough, Union County, NJ",4311,55,96,102,117,103,0,12,53,66,0,12,10,16,4035,166
06000US3403931980,"Hillside township, Union County, NJ",21821,101,824,345,1110,450,585,369,758,422,668,240,874,319,17002,776
06000US3403936690,"Kenilworth borough, Union County, NJ",8161,37,215,242,411,452,425,507,310,192,199,140,30,48,6571,724
06000US3403940350,"Linden city, Union County, NJ",41927,149,1537,464,1927,405,1605,480,1712,552,2112,636,1435,385,31599,1181
06000US3403948510,"Mountainside borough, Union County, NJ",6616,145,113,100,20,25,0,17,46,64,75,66,13,23,6349,221
06000US3403951810,"New Providence borough, Union County, NJ",12953,57,212,127,158,119,103,101,81,98,200,117,44,48,12155,230
06000US3403959190,"Plainfield city, Union County, NJ",49566,274,4253,958,6257,1062,3379,937,2828,909,3508,835,1477,527,27864,1963
06000US3403961530,"Rahway city, Union County, NJ",29397,101,594,248,1234,661,579,341,704,311,2390,785,362,201,23534,1074
06000US3403964620,"Roselle borough, Union County, NJ",21612,49,735,273,1030,392,2114,709,1111,473,1741,726,494,352,14387,1000
06000US3403964650,"Roselle Park borough, Union County, NJ",13556,47,331,178,326,177,335,188,529,328,823,343,261,191,10951,525
06000US3403966060,"Scotch Plains township, Union County, NJ",24075,64,501,231,334,161,444,267,122,89,393,200,294,188,21987,466
06000US3403970020,"Springfield township, Union County, NJ",17405,28,506,228,388,214,687,421,264,196,396,145,134,93,15030,593
06000US3403971430,"Summit city, Union County, NJ",21774,66,546,203,432,266,251,191,256,109,459,394,189,157,19641,544
06000US3403974480,"Union township, Union County, NJ",56693,253,1198,355,1432,371,751,308,1534,499,1913,524,1045,509,48820,877
06000US3403979040,"Westfield town, Union County, NJ",29618,94,426,233,491,218,234,139,102,69,539,283,108,62,27718,466
06000US3403981650,"Winfield township, Union County, NJ",1623,123,12,9,101,65,52,29,65,51,71,58,42,38,1280,143
06000US3404100670,"Allamuchy township, Warren County, NJ",4597,24,140,121,32,35,37,33,24,24,235,144,27,32,4102,200
06000US3404101030,"Alpha borough, Warren County, NJ",2073,159,62,35,63,55,32,25,14,14,92,47,10,11,1800,171
06000US3404104990,"Belvidere town, Warren County, NJ",2590,32,158,105,87,55,60,59,63,47,290,195,91,52,1841,202
06000US3404106160,"Blairstown township, Warren County, NJ",5732,16,101,100,121,130,117,110,27,45,135,159,30,49,5201,269
06000US3404124960,"Franklin township, Warren County, NJ",3050,21,35,24,53,42,33,41,172,157,110,75,35,29,2612,164
06000US3404125320,"Frelinghuysen township, Warren County, NJ",2232,195,10,11,127,103,32,29,41,28,118,73,9,8,1895,191
06000US3404128260,"Greenwich township, Warren County, NJ",5468,30,74,69,88,68,232,198,13,19,305,209,63,65,4693,291
06000US3404128710,"Hackettstown town, Warren County, NJ",8715,180,236,112,779,339,370,219,216,164,446,258,45,30,6623,457
06000US3404129820,"Hardwick township, Warren County, NJ",1547,167,80,99,101,101,23,19,59,43,22,16,8,9,1254,137
06000US3404130090,"Harmony township, Warren County, NJ",2737,152,115,122,91,54,0,12,0,12,107,67,81,78,2343,175
06000US3404133060,"Hope township, Warren County, NJ",1737,179,14,14,20,14,6,10,14,15,34,23,41,37,1608,186
06000US3404133930,"Independence township, Warren County, NJ",5439,22,83,63,300,361,33,38,83,103,117,92,0,17,4823,352
06000US3404137320,"Knowlton township, Warren County, NJ",2898,58,20,16,33,27,26,28,13,14,54,34,45,43,2707,95
06000US3404140110,"Liberty township, Warren County, NJ",2817,28,29,32,25,29,87,82,10,11,43,28,49,40,2574,111
06000US3404141490,"Lopatcong township, Warren County, NJ",8118,102,215,115,316,182,114,112,162,171,365,178,38,61,6908,347
06000US3404143320,"Mansfield township, Warren County, NJ",7281,118,258,202,181,96,88,89,387,265,472,237,63,57,5832,339
06000US3404155530,"Oxford township, Warren County, NJ",2417,174,59,39,112,70,61,73,59,51,102,63,33,33,1991,184
06000US3404158350,"Phillipsburg town, Warren County, NJ",14217,130,1030,338,1470,443,786,304,671,339,1028,339,521,315,8711,670
06000US3404159820,"Pohatcong township, Warren County, NJ",3208,21,57,48,167,151,40,42,59,68,78,72,18,29,2789,181
06000US3404177270,"Washington borough, Warren County, NJ",6468,38,207,140,309,180,69,83,311,183,293,227,445,479,4834,534
06000US3404177300,"Washington township, Warren County, NJ",6380,27,139,97,85,66,57,88,112,99,304,267,13,21,5670,302
06000US3404180570,"White township, Warren County, NJ",4553,65,71,71,132,110,229,194,51,62,406,386,155,159,3509,471
31000US10900,"Allentown-Bethlehem-Easton, PA-NJ Metro Area",813537,1271,35662,2199,48938,2825,29839,2029,29491,2081,46125,2269,19146,1819,604336,4431
31000US12100,"Atlantic City-Hammonton, NJ Metro Area",260341,588,14200,1398,20491,1634,11956,1497,10035,1286,15861,1689,6754,965,181044,2382
31000US35620,"New York-Newark-Jersey City, NY-NJ-PA Metro Area",18966426,3713,1082800,15219,1352257,15651,722469,10686,675025,13585,949345,13238,399966,7153,13784564,31971
31000US36140,"Ocean City, NJ Metro Area",90966,426,3797,530,5081,1165,4159,741,3126,681,4326,706,2045,484,68432,1692
31000US37980,"Philadelphia-Camden-Wilmington, PA-NJ-DE-MD Metro Area",5929560,3560,344963,6923,387629,9294,198509,5512,188048,5731,293172,7486,119024,5287,4398215,16891
31000US45940,"Trenton-Princeton, NJ Metro Area",351928,787,20749,2228,20231,1776,12059,1412,10200,1484,19111,1798,5764,1161,263814,3200
31000US47220,"Vineland-Bridgeton, NJ Metro Area",139782,897,10902,1266,12149,1208,9238,1434,7141,1178,10247,1215,4590,1042,85515,2252
